Workbook

Sheet DB
A1: 종목 | B1: 돼지씨름 | C1: 미션레이스 | D1: 계주 | E1: 피구 | F1: 부리또 듀얼 | G1: 발야구 | H1: 단체줄넘기 | I1: 쓰레빠 양궁 | J1: 고깔 의자뺏기 | K1: 인물퀴즈 | L1: 음악퀴즈 | M1: 개인미션
A2: 아이콘 | B2: 🐷 | C2: 🎯 | D2: 🏃 | E2: 🏐 | F2: 🌯 | G2: ⚽ | H2: 🪢 | I2: 🩴 | J2: 🪑 | K2: 🧑 | L2: 🎵 | M2: 🕵️
A3: 설명 | B3: 모래판 위에서 펼쳐지는 몸싸움 대결! | C3: 코스마다 주어지는 미션을 클리어하며 달리는 레이스 (예: 레몬 먹고 휘파람 불기, 사격으로 캔 넘어뜨리기) | D3: 팀 대항 이어달리기 | E3: 팀 대항 피구 대결 | F3: 부리또처럼 몸을 돌돌 감싸고 벌이는 대결 | G3: 발로 하는 야구 | H3: 팀워크로 넘는 단체 줄넘기 | I3: 슬리퍼를 던져 과녁을 맞히는 양궁 | J3: 음악이 멈추면 고깔(의자)을 차지하라 | K3: 이 사람은 누구일까요? 인물 맞히기 퀴즈 | L3: 노래 한 소절 듣고 제목 맞히기 | M3: 히든미션 칩을 스캔해서 완료한 개인 미션 (점수 기록용 항목)
A4: 이름 | B4: 이학균 | C4: 김여경 | D4: 홍상웅 | E4: 최연수 | F4: 이재열 | G4: 박지원 | H4: 송효준 | I4: 전주현 | J4: 강이수 | K4: 박시안 | L4: 박종혁 | M4: 황은비
A6: ※ 종목/아이콘/설명/이름을 추가·수정할 땐 이 시트만 고치면 앱과 다른 시트 드롭다운에 자동 반영됩니다. (앱은 종목 목록 화면을 이 시트에서 직접 읽어옵니다 — js/data.js는 백엔드 연결 안 됐을 때만 쓰는 예비용입니다)

Sheet Participants
A1: name | B1: gender | C1: team | D1: partner | E1: tier | F1: nemesis | H1: ⚠️ tier(1~3)와 nemesis(그 사람의 라이벌)는 아직 안 채워져 있어요 — 직접 정해서 채워주세요. 히든미션 텍스트의 [티어]/[네메시스]/[파트너]가 이 값들로 치환되어 표시됩니다.
A2: 이학균 | B2: 남 | C2: 흑팀 | D2: 김여경
A3: 김여경 | B3: 여 | C3: 백팀 | D3: 이학균
A4: 홍상웅 | B4: 남 | C4: 흑팀 | D4: 최연수
A5: 최연수 | B5: 여 | C5: 백팀 | D5: 홍상웅
A6: 이재열 | B6: 남 | C6: 흑팀 | D6: 박지원
A7: 박지원 | B7: 여 | C7: 백팀 | D7: 이재열
A8: 송효준 | B8: 남 | C8: 흑팀 | D8: 전주현
A9: 전주현 | B9: 남 | C9: 백팀 | D9: 송효준
A10: 강이수 | B10: 남 | C10: 흑팀 | D10: 박시안
A11: 박시안 | B11: 여 | C11: 백팀 | D11: 강이수
A12: 박종혁 | B12: 남 | C12: 흑팀 | D12: 황은비
A13: 황은비 | B13: 여 | C13: 백팀 | D13: 박종혁

Sheet Login
A1: name | B1: pinHash | C1: salt | E1: ⚠️ pinHash/salt는 앱이 자동으로 채웁니다. 직접 입력하지 마세요. PIN을 초기화하려면 해당 행의 pinHash/salt를 지우면 다음 로그인 때 재설정 화면이 뜹니다.
A2: 이학균
A3: 김여경
A4: 홍상웅
A5: 최연수
A6: 이재열
A7: 박지원
A8: 송효준
A9: 전주현
A10: 강이수
A11: 박시안
A12: 박종혁
A13: 황은비

Sheet PersonalScoreLog
A1: name | B1: event | C1: note | D1: points | F1: ⚠️ 이 시트는 앱에서 본인 것만 필터링되어 보여요(MVP/개인 등수 등). 팀 우승 판정에는 안 씀 — 그건 TeamScoreLog. '개인미션' event로 시작하는 행은 히든미션 성공 시 onEdit 트리거가 자동으로 추가한 것입니다.

Sheet TeamScoreLog
A1: team | B1: event | C1: note | D1: points | F1: ⚠️ 이 시트 합산으로 운동회 최종 우승팀이 정해집니다. 승리/패배 등 팀 단위 결과를 여기에 기록하세요.

Sheet MissionChips
A1: missionId | B1: mission | C1: points | D1: claimedBy | E1: claimedAt | F1: status | H1: ⚠️ mission 칸의 [파트너]/[네메시스]/[티어]는 그 칩을 가져간 사람의 Participants 값으로 자동 치환되어 화면에 표시됩니다 (이 시트엔 템플릿 그대로 둡니다). claimedBy/claimedAt/status는 앱이 QR 스캔 시 자동으로 채웁니다(status는 스캔 즉시 '진행중'). 실제로 미션을 해냈는지 확인한 뒤 status를 '성공' 또는 '실패'로 진행자가 직접 바꿔주세요 — '성공'인 칩의 points는 앱이 '내 점수'를 보여줄 때 이 시트에서 실시간으로 읽어와 자동 합산합니다 (따로 옮겨 적을 필요 없고, status를 나중에 정정해도 바로 반영됩니다). missionId는 QR코드에 인쇄되는 값이니 바꾸지 마세요.
A2: M01 | B2: 오늘 처음 만난 사람과 하이파이브 5번 하기 | C2: 10
A3: M02 | B3: 진행자 몰래 셀카 찍고 보여주기 | C3: 15
A4: M03 | B4: 피구에서 [파트너] 맞춰서 아웃시키기 | C4: 20
A5: M04 | B5: 부리또 듀얼에서 [네메시스] 상대로 승리하기 | C5: 25
A6: M05 | B6: 발야구에서 [티어]루타 달성하기 | C6: 20
A7: M06 | B7: 돼지씨름 [티어]번 이기기 | C7: 20
A8: M07 | B8: [네메시스]와 하이파이브하고 화해하기 | C8: 15
A9: M08 | B9: [파트너]와 함께 사진찍기 | C9: 10

Sheet TeamLeaderboard
A1: team | B1: total_points
A2: 흑팀 | B2: =SUMIF(TeamScoreLog!$A:$A,A2,TeamScoreLog!$D:$D)
A3: 백팀 | B3: =SUMIF(TeamScoreLog!$A:$A,A3,TeamScoreLog!$D:$D)

Sheet PersonalTotals
A1: name | B1: total_points | D1: ※ 진행자가 개인 시상(MVP 등) 정할 때 참고용. 앱에는 노출되지 않습니다. PersonalScoreLog 수동 입력분 + MissionChips에서 status가 '성공'인 칩의 points까지 합산됩니다.
A2: =Participants!A2 | B2: =SUMIF(PersonalScoreLog!$A:$A,A2,PersonalScoreLog!$D:$D)+SUMIFS(MissionChips!$C:$C,MissionChips!$D:$D,A2,MissionChips!$F:$F,"성공")
A3: =Participants!A3 | B3: =SUMIF(PersonalScoreLog!$A:$A,A3,PersonalScoreLog!$D:$D)+SUMIFS(MissionChips!$C:$C,MissionChips!$D:$D,A3,MissionChips!$F:$F,"성공")
A4: =Participants!A4 | B4: =SUMIF(PersonalScoreLog!$A:$A,A4,PersonalScoreLog!$D:$D)+SUMIFS(MissionChips!$C:$C,MissionChips!$D:$D,A4,MissionChips!$F:$F,"성공")
A5: =Participants!A5 | B5: =SUMIF(PersonalScoreLog!$A:$A,A5,PersonalScoreLog!$D:$D)+SUMIFS(MissionChips!$C:$C,MissionChips!$D:$D,A5,MissionChips!$F:$F,"성공")
A6: =Participants!A6 | B6: =SUMIF(PersonalScoreLog!$A:$A,A6,PersonalScoreLog!$D:$D)+SUMIFS(MissionChips!$C:$C,MissionChips!$D:$D,A6,MissionChips!$F:$F,"성공")
A7: =Participants!A7 | B7: =SUMIF(PersonalScoreLog!$A:$A,A7,PersonalScoreLog!$D:$D)+SUMIFS(MissionChips!$C:$C,MissionChips!$D:$D,A7,MissionChips!$F:$F,"성공")
A8: =Participants!A8 | B8: =SUMIF(PersonalScoreLog!$A:$A,A8,PersonalScoreLog!$D:$D)+SUMIFS(MissionChips!$C:$C,MissionChips!$D:$D,A8,MissionChips!$F:$F,"성공")
A9: =Participants!A9 | B9: =SUMIF(PersonalScoreLog!$A:$A,A9,PersonalScoreLog!$D:$D)+SUMIFS(MissionChips!$C:$C,MissionChips!$D:$D,A9,MissionChips!$F:$F,"성공")
A10: =Participants!A10 | B10: =SUMIF(PersonalScoreLog!$A:$A,A10,PersonalScoreLog!$D:$D)+SUMIFS(MissionChips!$C:$C,MissionChips!$D:$D,A10,MissionChips!$F:$F,"성공")
A11: =Participants!A11 | B11: =SUMIF(PersonalScoreLog!$A:$A,A11,PersonalScoreLog!$D:$D)+SUMIFS(MissionChips!$C:$C,MissionChips!$D:$D,A11,MissionChips!$F:$F,"성공")
A12: =Participants!A12 | B12: =SUMIF(PersonalScoreLog!$A:$A,A12,PersonalScoreLog!$D:$D)+SUMIFS(MissionChips!$C:$C,MissionChips!$D:$D,A12,MissionChips!$F:$F,"성공")
A13: =Participants!A13 | B13: =SUMIF(PersonalScoreLog!$A:$A,A13,PersonalScoreLog!$D:$D)+SUMIFS(MissionChips!$C:$C,MissionChips!$D:$D,A13,MissionChips!$F:$F,"성공")
